Date,Price,Open,High,Low,Vol.,Change %
2/22/2024,96.3,96.3,96.9,95.8,51.81K,1.37%
2/21/2024,95,96.5,96.5,94.3,42.35K,-0.84%
2/20/2024,95.8,96,96,94.5,65.56K,0.31%
2/19/2024,95.5,96.9,96.9,94,106.54K,-1.24%
2/16/2024,96.7,94.1,96.9,93,54.83K,1.90%
2/15/2024,94.9,93.6,94.9,93.5,13.71K,1.06%
2/14/2024,93.9,93.5,93.9,93.5,3.09K,0.43%
2/13/2024,93.5,92.2,94.8,92.2,6.65K,-0.53%
2/12/2024,94,94,94.3,92.1,19.83K,0.53%
2/9/2024,93.5,93.5,94.9,92.5,24.73K,-0.53%
2/8/2024,94,98,98,93,90.52K,-1.05%
2/7/2024,95,97.5,97.5,95,94.18K,-2.06%
2/6/2024,97,99,99,96.9,54.86K,-2.51%
2/2/2024,99.5,99.9,99.9,99,39.06K,0.10%
2/1/2024,99.4,98.7,101,98.5,312.65K,1.43%
1/31/2024,98,94,99,94,249.19K,4.26%
1/30/2024,94,93.5,94.9,93.5,8.26K,0.11%
1/29/2024,93.9,93.4,95,93.4,23.51K,0.97%
1/26/2024,93,90.2,94.8,90.1,92.35K,2.42%
1/24/2024,90.8,91,91.9,90.7,30.51K,-0.22%
1/23/2024,91,92,93.3,90.1,14.64K,-1.30%
1/22/2024,92.2,91.4,93.4,90.7,31.68K,1.32%
1/19/2024,91,90.5,91.2,90.4,13.49K,0.11%
1/18/2024,90.9,92.6,92.6,90.9,30.87K,-2.15%
1/17/2024,92.9,93,94,92,97.41K,0.98%
1/16/2024,92,93,97.6,92,289.02K,3.37%
1/12/2024,89,91,91,88,29.94K,-1.11%
1/11/2024,90,91.3,91.3,89,49.92K,0.00%
1/10/2024,90,92,92,89.6,19.57K,-2.17%
1/9/2024,92,92,92.9,92,8.82K,-1.08%
1/8/2024,93,92.5,93,90.9,10.02K,0.32%
1/5/2024,92.7,91.5,93.4,91,43.33K,0.22%
1/4/2024,92.5,93.9,93.9,91,47.92K,-0.54%
1/3/2024,93,92.2,93.9,92.2,52.71K,1.64%
1/2/2024,91.5,93,93,91.1,11.07K,-1.61%
12/29/2023,93,92,94,91.4,10.30K,-0.75%
12/28/2023,93.7,93.8,94.8,91,68.82K,0.11%
12/27/2023,93.6,91.7,94.4,91.1,36.69K,2.07%
12/22/2023,91.7,94.4,94.4,91.7,41.59K,-0.97%
12/21/2023,92.6,94.2,94.8,92.4,62.90K,-0.75%
12/20/2023,93.3,93,94.5,93,20.92K,0.65%
12/19/2023,92.7,92.7,93.9,92.2,68.36K,-2.01%
12/18/2023,94.6,94.9,94.9,92.6,30.73K,1.72%
12/15/2023,93,95,96.4,93,119.69K,-2.92%
12/14/2023,95.8,98,98,94.9,127.57K,-1.24%
12/13/2023,97,98,98,96.8,17.72K,-1.92%
12/12/2023,98.9,97,99.9,96.4,72.75K,1.02%
12/11/2023,97.9,97,97.9,95.7,24.83K,0.31%
12/8/2023,97.6,97.3,100,96,152.32K,-1.81%
12/7/2023,99.4,100,100.5,97,60.16K,-0.10%
12/6/2023,99.5,100,101,99.3,12.93K,-0.50%
12/5/2023,100,99.5,101,99.5,36.58K,0.00%
12/4/2023,100,100,101,99.5,41.04K,-0.25%
12/1/2023,100.25,102,102,100,86.51K,-0.74%
11/30/2023,101,102,102,100.75,16.29K,-1.70%
11/29/2023,102.75,101.75,103,100,69.04K,1.73%
11/28/2023,101,103.5,103.5,100,158.04K,0.00%
11/27/2023,101,104.5,104.5,100,98.12K,-2.18%
11/24/2023,103.25,104.5,104.5,103,71.32K,0.00%
11/23/2023,103.25,104,104.75,103,204.93K,0.73%
11/22/2023,102.5,102,104,100.5,111.27K,0.49%
11/21/2023,102,99.5,104.5,99.5,171.44K,0.00%
11/20/2023,102,101.5,102.25,99,115.31K,2.41%
11/17/2023,99.6,99.9,102.5,99.2,150.05K,-0.40%
11/16/2023,100,98.3,100.75,95.2,67.06K,1.01%
11/15/2023,99,99,99.3,97,31.98K,-0.20%
11/14/2023,99.2,98,101,98,44.40K,-0.30%
11/13/2023,99.5,102,104,99,128.54K,-2.45%
11/10/2023,102,100,105.5,99.5,662.42K,1.24%
11/9/2023,100.75,96,102,95,280.99K,4.95%
11/8/2023,96,97.2,98.3,95.4,51.38K,-2.04%
11/7/2023,98,97,99.4,96.7,74.43K,0.82%
11/6/2023,97.2,99,99,97.2,12.81K,-1.32%
11/3/2023,98.5,99,99.5,96.8,110.30K,0.92%
11/2/2023,97.6,98.1,99,97,63.85K,0.10%
11/1/2023,97.5,101,101,97.5,10.73K,-2.01%
10/31/2023,99.5,99.4,102.5,98,83.41K,1.63%
10/30/2023,97.9,99.7,100,97,55.43K,-0.81%
10/27/2023,98.7,99.3,102,98,109.87K,1.02%
10/26/2023,97.7,99,102,97.2,74.55K,-1.71%
10/25/2023,99.4,101,101.5,97,109.47K,-1.58%
10/24/2023,101,105,105.75,99.1,566.74K,-2.88%
10/23/2023,104,96.3,104,95.2,1.18M,8.00%
10/20/2023,96.3,92,98,91,247.49K,4.33%
10/19/2023,92.3,91.8,92.4,89.5,101.22K,1.21%
10/18/2023,91.2,92.8,92.9,89.5,78.19K,1.33%
10/17/2023,90,92,92.9,89.3,29.07K,0.90%
10/16/2023,89.2,90.2,95,87,149.98K,0.22%
10/13/2023,89,90.8,90.8,85.1,8.88K,-1.00%
10/12/2023,89.9,89.5,91.8,88.6,35.10K,-0.11%
10/11/2023,90,93,93.8,88.5,40.56K,-1.53%
10/10/2023,91.4,92,93.9,91.1,39.57K,0.44%
10/9/2023,91,91,95.8,88.5,123.45K,-3.40%
10/6/2023,94.2,95,99,94,355.15K,-0.21%
10/5/2023,94.4,84,96.4,84,590.78K,12.65%
10/4/2023,83.8,82.4,84.9,82,68.48K,1.95%
10/3/2023,82.2,83,83.9,82.2,23.24K,-2.14%
10/2/2023,84,85.4,85.4,82,15.80K,0.84%
9/27/2023,83.3,83.4,85.3,81.7,34.99K,1.34%
9/26/2023,82.2,83,83.5,81.7,12.70K,-0.96%
9/25/2023,83,83.1,85,82.5,10.64K,-1.78%
9/22/2023,84.5,84,85.3,82.5,26.05K,0.60%
9/21/2023,84,84.9,84.9,84,4.27K,-1.18%
9/20/2023,85,86,86,83.2,28.09K,0.00%
9/19/2023,85,85.4,86,84.9,11.85K,-0.12%
9/18/2023,85.1,86,86,85,15.30K,-0.58%
9/15/2023,85.6,87.7,87.7,85.5,3.99K,-0.47%
9/14/2023,86,87.5,88.3,85,39.46K,0.47%
9/13/2023,85.6,86.1,87.5,85.1,23.60K,-0.58%
9/12/2023,86.1,86.9,87.5,85.8,39.44K,0.12%
9/11/2023,86,86,86.9,85.7,46.50K,-1.15%
9/8/2023,87,86.7,87,85.3,54.44K,0.93%
9/7/2023,86.2,85,86.4,85,36.71K,2.50%
9/6/2023,84.1,86.1,86.2,84.1,66.41K,-2.77%
9/5/2023,86.5,86.5,88.9,86,147.81K,0.58%
9/4/2023,86,87,87,85.7,15.94K,-3.26%
9/1/2023,88.9,89.9,89.9,87,36.59K,0.00%
8/31/2023,88.9,85,89.8,84.7,46.68K,4.59%
8/29/2023,85,85.5,88,85,44.26K,0.00%
8/28/2023,85,85,85.8,84,24.19K,0.00%
8/25/2023,85,85.5,87.8,85,16.89K,-0.82%
8/24/2023,85.7,87.9,87.9,85,27.34K,-0.92%
8/23/2023,86.5,86.3,87.9,85.5,21.88K,-0.35%
8/22/2023,86.8,88.2,89.3,85,65.76K,-2.47%
8/21/2023,89,90,90.9,88.1,23.74K,-1.00%
8/18/2023,89.9,86.6,90,86.6,70.27K,1.01%
8/17/2023,89,88.5,91.5,86,127.12K,0.45%
8/16/2023,88.6,89,89.8,88.1,66.26K,-0.45%
8/15/2023,89,87.4,89.9,87,44.96K,0.79%
8/14/2023,88.3,89,90.5,87,54.34K,-1.89%
8/11/2023,90,89.1,91.5,89.1,34.44K,0.56%
8/10/2023,89.5,92,94,88.9,90.59K,-1.65%
8/9/2023,91,92.5,94.8,90,110.92K,-1.19%
8/8/2023,92.1,93.5,94,92,119.36K,-2.02%
8/7/2023,94,94.5,94.8,93,100.95K,-1.05%
8/4/2023,95,95.1,98.7,94.7,120.34K,-0.52%
8/3/2023,95.5,97.4,97.9,94.5,103.28K,-2.45%
8/2/2023,97.9,99,99,97,31.43K,-0.10%
7/31/2023,98,98,99.9,97.8,21.25K,-0.41%
7/28/2023,98.4,99.6,100,97.9,72.52K,-1.11%
7/27/2023,99.5,98.1,101,98.1,131.80K,1.02%
7/26/2023,98.5,99.9,99.9,98,44.82K,-1.40%
7/25/2023,99.9,102,102,98.1,144.66K,-2.06%
7/24/2023,102,99.8,103,99.8,41.66K,-0.49%
7/21/2023,102.5,100,103,99.3,163.96K,3.85%
7/20/2023,98.7,97.7,101,97.7,73.96K,1.13%
7/19/2023,97.6,100.25,100.25,96.9,274.36K,-4.08%
7/18/2023,101.75,103,103.75,100,92.97K,-1.69%
7/17/2023,103.5,103.25,104,100,98.57K,-0.48%
7/14/2023,104,103.75,104.75,101.25,116.11K,0.00%
7/13/2023,104,102.5,105.5,101.5,198.09K,0.24%
7/12/2023,103.75,104.5,106,102.5,199.27K,3.49%
7/11/2023,100.25,101.25,102,98.4,88.91K,-1.47%
7/10/2023,101.75,104.25,106,101,56.52K,-3.78%
7/7/2023,105.75,105,106.5,101,211.64K,0.71%
7/6/2023,105,101,106,98,362.85K,4.22%
7/5/2023,100.75,96.3,102,94.7,257.86K,4.73%
7/4/2023,96.2,95,97.3,93.5,403.82K,0.00%
6/28/2023,96.2,96,97.3,94.5,64.28K,1.37%
6/27/2023,94.9,97,97,94,87.50K,-2.67%
6/26/2023,97.5,97.6,98.4,93.5,408.99K,-0.51%
6/23/2023,98,100,101.5,97.1,83.94K,-2.00%
6/22/2023,100,107.5,108.75,99,679.71K,-5.66%
6/21/2023,106,96,106.5,95.6,524.81K,10.99%
6/20/2023,95.5,92,96,92,618.70K,4.26%
6/19/2023,91.6,90.9,93,90,184.41K,1.22%
6/16/2023,90.5,91.2,93.4,87.8,383.67K,2.84%
6/15/2023,88,89,89,87,175.07K,-1.12%
6/14/2023,89,87.7,92,87,213.30K,1.60%
6/13/2023,87.6,87,88.5,86.2,47.26K,1.15%
6/12/2023,86.6,87,90,86.6,90.81K,2.00%
6/9/2023,84.9,93.1,94,83.2,726.10K,-8.81%
6/8/2023,93.1,91.4,93.8,91.4,29.52K,1.75%
6/7/2023,91.5,91.2,93.9,90.2,27.46K,-1.51%
6/6/2023,92.9,93,95,92.2,22.29K,0.22%
6/5/2023,92.7,93.9,95,92.5,83.03K,-1.49%
6/2/2023,94.1,92.5,97.9,92.5,122.72K,2.28%
6/1/2023,92,86.8,92.5,86.8,228.39K,6.98%
5/31/2023,86,84.9,86.7,84.9,16.96K,1.30%
5/30/2023,84.9,85.1,85.9,83.7,34.31K,-0.47%
5/29/2023,85.3,85.6,86.7,85.2,26.49K,-0.93%
5/26/2023,86.1,86.9,87,85.8,9.87K,-0.92%
5/25/2023,86.9,86.7,87,85,8.49K,-0.11%
5/24/2023,87,87.4,87.4,85.6,10.01K,0.00%
5/23/2023,87,85.5,87.9,83.1,7.90K,1.05%
5/22/2023,86.1,85.1,88.5,82,130.72K,1.29%
5/19/2023,85,87,87,83.1,65.84K,2.41%
5/18/2023,83,86,87,83,49.92K,-4.05%
5/17/2023,86.5,85.3,88.8,85.2,9.71K,0.00%
5/16/2023,86.5,85.5,86.5,85.5,43.88K,0.23%
5/15/2023,86.3,88.1,88.9,85.3,33.21K,-2.04%
5/12/2023,88.1,90.1,90.7,88.1,21.84K,-2.11%
5/11/2023,90,90,91,88.7,70.64K,0.56%
5/10/2023,89.5,91.4,91.4,88.6,39.30K,-1.54%
5/9/2023,90.9,91.9,92.5,90,51.92K,1.00%
5/8/2023,90,86.2,93,86.2,272.06K,4.65%
5/4/2023,86,87,87.9,85.4,20.18K,-0.92%
5/3/2023,86.8,87,88.8,85.5,62.38K,0.12%
5/2/2023,86.7,90,90,85,133.94K,-4.73%
4/28/2023,91,90.1,92.8,90,56.72K,-1.09%
4/27/2023,92,91.3,93.4,88.5,150.25K,0.00%
4/26/2023,92,94,94.5,91.8,26.71K,-2.13%
4/25/2023,94,95,95,91.6,69.25K,-1.05%
4/24/2023,95,94.9,95.8,92.5,61.79K,0.53%
4/21/2023,94.5,94.2,96,93,171.27K,-0.94%
4/20/2023,95.4,95,97,94.8,241.43K,-1.75%
4/19/2023,97.1,99.3,99.3,96.4,47.53K,-0.92%
4/18/2023,98,97,99.3,95,221.06K,1.03%
4/17/2023,97,99.7,99.7,96,56.27K,-2.41%
4/12/2023,99.4,101,101,96.2,258.99K,-2.07%
4/11/2023,101.5,97.9,103.5,97.3,329.43K,3.57%
4/10/2023,98,100,102.75,97.3,152.39K,-3.92%
4/6/2023,102,92.1,102,92,734.22K,11.48%
4/4/2023,91.5,90.6,92.8,89.6,303.49K,0.66%
4/3/2023,90.9,91.5,94.1,90,288.10K,-4.01%
3/31/2023,94.7,96.2,99.5,91.5,186.14K,-1.35%
3/30/2023,96,101,102.5,93.2,596.50K,-6.11%
3/29/2023,102.25,112,113,100.25,594.68K,-8.71%
3/28/2023,112,114,114.75,111.5,147.66K,0.00%
3/27/2023,112,112.5,117,110.25,717.93K,0.90%
3/24/2023,111,113,115,108,772.94K,-0.89%
3/23/2023,112,115,121.75,110.25,2.03M,-1.54%
3/22/2023,113.75,98,118,93.3,4.05M,19.99%
3/21/2023,94.8,93,99,89.8,2.54M,11.66%
3/20/2023,84.9,79.8,86,79.8,687.37K,6.79%
3/17/2023,79.5,80.1,81,79,64.40K,-0.63%
3/16/2023,80,80,81.8,79.9,105.35K,0.00%
3/15/2023,80,82,83,80,135.52K,-1.36%
3/14/2023,81.1,81.5,83.8,80.9,258.16K,0.25%
3/13/2023,80.9,83.1,83.5,80.9,216.56K,-2.65%
3/10/2023,83.1,82.5,84.9,82,68.17K,0.36%
3/9/2023,82.8,83.6,85,82,128.95K,-2.01%
3/8/2023,84.5,84,87.9,83.6,229.73K,0.60%
3/7/2023,84,89,89,83.5,324.19K,-5.62%
3/3/2023,89,86,89.5,86,186.20K,4.71%
3/2/2023,85,84.6,86.9,83.3,65.43K,0.71%
3/1/2023,84.4,84.6,86.9,83.5,37.64K,-0.24%
2/28/2023,84.6,85.4,88,84.6,146.88K,-1.40%
2/27/2023,85.8,86,87.9,85.5,79.24K,-0.58%
2/24/2023,86.3,90,91.9,85.6,531.57K,-4.00%
2/23/2023,89.9,85,90,83.2,867.40K,5.76%
2/22/2023,85,82.9,85,81.1,748.98K,2.53%
2/21/2023,82.9,80,83.8,77,610.45K,4.94%
2/20/2023,79,70.5,83,70,2.25M,9.72%
2/17/2023,72,72,73,71.1,76.93K,1.12%
2/16/2023,71.2,70.1,73,70,484.91K,1.71%
2/15/2023,70,69,70,68,83.07K,1.45%
2/14/2023,69,70.9,70.9,67.6,287.92K,-2.82%
2/13/2023,71,71.1,72.9,70.5,95.36K,-2.07%
2/10/2023,72.5,72.3,72.6,67,175.94K,0.83%
2/9/2023,71.9,71,72.5,70.2,68.15K,-0.14%
2/8/2023,72,71.1,72.3,70.2,286.37K,2.86%
2/7/2023,70,74,74.5,70,456.33K,-4.76%
2/6/2023,73.5,68,73.5,67.9,1.75M,9.70%
2/3/2023,67,67.9,68,66,225.22K,-1.47%
2/2/2023,68,67.8,69,66.3,182.77K,2.26%
2/1/2023,66.5,65,66.5,64.5,44.51K,0.15%
1/31/2023,66.4,65.2,67.9,64.5,5.42K,0.30%
1/30/2023,66.2,65.8,68.2,65.8,112.39K,0.30%
1/27/2023,66,65.8,66,65.8,111.98K,0.46%
1/26/2023,65.7,68,68,65,7.52K,-3.38%
1/25/2023,68,69,70,67.9,137.71K,0.00%
1/24/2023,68,65.5,69.9,65.5,277.68K,9.50%
1/23/2023,62.1,64.9,64.9,62.1,35.66K,-4.02%
1/20/2023,64.7,63,65.9,63,24.85K,1.89%
1/19/2023,63.5,63.5,64.7,62,102.27K,-1.40%
1/18/2023,64.4,63.6,64.9,63.5,6.96K,0.00%
1/17/2023,64.4,63,64.4,63,29.06K,2.06%
1/13/2023,63.1,64.5,64.5,63,39.06K,-2.92%
1/12/2023,65,64.4,66,64.4,21.65K,1.09%
1/11/2023,64.3,65,67,64,21.75K,-0.77%
1/10/2023,64.8,67,69,64.8,147.35K,-2.99%
1/9/2023,66.8,69.6,72.5,66,195.01K,1.52%
1/5/2023,65.8,65.8,65.8,65,33.93K,0.46%
1/4/2023,65.5,66.2,66.5,65.5,6.82K,-0.91%
1/3/2023,66.1,68,68,66,59.05K,-2.94%
1/2/2023,68.1,68,69.1,67.5,39.76K,0.29%
12/30/2022,67.9,68,68.6,66.1,63.55K,1.34%
12/29/2022,67,71.6,71.6,66.5,104.14K,-6.69%
12/28/2022,71.8,71,73.5,71,268.72K,1.13%
12/27/2022,71,67.3,71.5,67.3,149.13K,5.97%
12/23/2022,67,63.4,67.9,63.4,122.14K,5.51%
12/22/2022,63.5,64,64.5,62,36.66K,-0.78%
12/21/2022,64,63,64.5,60.8,63.30K,5.79%
12/20/2022,60.5,62.1,64,60.5,53.96K,-2.42%
12/19/2022,62,64.1,64.1,62,40.84K,-3.13%
12/16/2022,64,64.5,64.5,63.7,2.72K,-0.78%
12/15/2022,64.5,65,66.5,64.3,17.50K,-2.12%
12/14/2022,65.9,66,66.9,64.1,65.63K,1.23%
12/13/2022,65.1,67.2,67.8,65.1,68.44K,-4.12%
12/12/2022,67.9,70.9,70.9,67.7,67.35K,-2.30%
12/9/2022,69.5,69,73,68,86.19K,1.91%
12/8/2022,68.2,65.9,68.2,65.1,48.11K,3.49%
12/6/2022,65.9,69.4,69.4,65.8,28.30K,-2.66%
12/5/2022,67.7,68,69.5,67.5,36.01K,-1.31%
12/2/2022,68.6,69.5,70,67,36.49K,0.15%
12/1/2022,68.5,69,70.9,68.1,90.68K,-0.58%
11/30/2022,68.9,69.5,72,67.5,163.35K,-1.57%
11/29/2022,70,69.9,72.8,68.1,143.96K,0.86%
11/28/2022,69.4,71,72.9,69,148.58K,-3.61%
11/25/2022,72,71,73.8,70.1,95.51K,0.00%
11/24/2022,72,72.6,74,70,97.62K,-2.04%
11/23/2022,73.5,78,78,73,340.23K,-3.92%
11/22/2022,76.5,71,78.9,71,466.59K,6.25%
11/21/2022,72,71.4,74,68.3,131.34K,1.41%
11/18/2022,71,76.8,76.8,70,580.32K,-6.70%
11/17/2022,76.1,70.3,77,70.3,1.88M,7.33%
11/16/2022,70.9,73,73,68.1,339.95K,-2.88%
11/15/2022,73,67,77,65,2.55M,14.96%
11/14/2022,63.5,60,65.5,60,987.03K,5.83%
11/11/2022,60,57,62.5,55.1,102.61K,5.26%
11/10/2022,57,54.2,57.9,54.2,4.14K,-0.18%
11/9/2022,57.1,55,57.9,55,24.15K,-0.17%
11/8/2022,57.2,58.2,58.2,54.1,170.64K,-2.72%
11/4/2022,58.8,58.4,60,58.2,25.42K,0.86%
11/3/2022,58.3,61,61,57,63.21K,-4.27%
11/2/2022,60.9,59.4,63,59.4,235.78K,1.50%
11/1/2022,60,60,62,57.4,65.94K,-0.17%
10/31/2022,60.1,59,62.9,59,52.95K,0.00%
10/28/2022,60.1,61.4,64,60,184.67K,-2.28%
10/27/2022,61.5,57.4,61.5,55.5,118.05K,9.82%
10/26/2022,56,55.6,57.2,55.6,57.39K,1.82%
10/25/2022,55,58,60,55,108.48K,-5.98%
10/21/2022,58.5,56.2,60,55.6,116.45K,3.91%
10/20/2022,56.3,58.3,60,56.3,99.71K,-4.58%
10/19/2022,59,62.9,63.5,58.3,328.84K,-5.30%
10/18/2022,62.3,64,64.3,61,216.67K,-2.66%
10/17/2022,64,70,72,63.7,995.83K,-4.48%
10/14/2022,67,54,68,54,2.24M,21.60%
10/13/2022,55.1,51.5,59.4,51,414.39K,6.99%
10/12/2022,51.5,50.4,52,48,170.44K,5.10%
10/11/2022,49,50,50.4,48,88.34K,-2.00%
10/7/2022,50,50,50.5,49.7,208.39K,0.00%
10/6/2022,50,43.2,54,43,313.64K,12.87%
10/5/2022,44.3,43.2,44.5,43.2,25.79K,2.55%
10/4/2022,43.2,43.1,44,42.6,60.21K,-1.82%
10/3/2022,44,44.8,44.8,44,2.38K,-0.45%
9/30/2022,44.2,42.9,44.4,42.9,1.87K,0.00%
9/29/2022,44.2,43.6,44.5,42.6,144.27K,0.45%
9/28/2022,44,45,45,43.5,62.33K,0.00%
9/27/2022,44,44.2,45,43.2,9.82K,-1.12%
9/26/2022,44.5,45.5,45.5,43.5,13.83K,-1.55%
9/23/2022,45.2,45,45.5,44,102.22K,0.44%
9/22/2022,45,45.6,46.5,44.8,32.65K,-4.05%
9/21/2022,46.9,45.5,46.9,45.5,7.02K,1.96%
9/20/2022,46,48.4,48.4,45,12.58K,-1.29%
9/19/2022,46.6,47,47,45.2,10.85K,-0.85%
9/16/2022,47,48,48,46,17.23K,-2.08%
9/15/2022,48,49,49,47.3,12.14K,-1.64%
9/14/2022,48.8,48.5,49,48.5,0.47K,3.83%
9/13/2022,47,50,50,47,66.81K,-4.28%
9/12/2022,49.1,50,50,46.9,32.78K,1.45%
9/9/2022,48.4,49.9,49.9,48,54.35K,-3.20%
9/8/2022,50,52,52.8,49.6,80.94K,2.25%
9/7/2022,48.9,49.4,50,48.9,9.70K,-1.21%
9/6/2022,49.5,51.4,51.4,49.3,27.65K,-2.94%
9/5/2022,51,51.5,52.5,50.1,75.74K,4.72%
9/2/2022,48.7,51.4,51.5,48,43.01K,-2.60%
9/1/2022,50,51,52,50,34.89K,-0.99%
8/31/2022,50.5,53,53,49,33.85K,-4.72%
8/30/2022,53,42.8,54,42.1,119.61K,21.56%
8/29/2022,43.6,42,45,42,17.47K,-6.44%
8/26/2022,46.6,47.1,47.1,46,41.87K,-3.92%
8/25/2022,48.5,50.2,50.2,48,68.50K,-4.90%
8/24/2022,51,50,51.9,48.7,95.13K,-3.59%
8/23/2022,52.9,58.5,58.5,50.1,297.71K,-10.34%
8/22/2022,59,58.1,65.8,55,903.99K,11.95%
8/19/2022,52.7,49,52.7,49,136.63K,24.88%
8/18/2022,42.2,36,42.2,36,184.54K,17.22%
8/17/2022,36,34.7,36,33.5,76.62K,6.82%
8/16/2022,33.7,33.4,34.7,33.1,50.26K,0.60%
8/15/2022,33.5,34,34.7,33,36.31K,0.30%
8/12/2022,33.4,34,34.5,33,32.58K,0.60%
8/10/2022,33.2,33.1,34.9,33,13.26K,0.30%
8/9/2022,33.1,33,36.4,32.9,82.64K,-3.50%
8/8/2022,34.3,36.5,36.9,32,68.47K,-2.28%
8/5/2022,35.1,35.6,36.8,34.5,27.02K,-1.40%
8/4/2022,35.6,36,37.5,35.6,30.89K,1.71%
8/3/2022,35,31,35,31,174.64K,7.69%
8/2/2022,32.5,31.8,32.5,31,44.50K,4.84%
8/1/2022,31,31.8,32,30,39.27K,0.00%
7/29/2022,31,32.5,32.5,30,65.36K,-4.62%
7/28/2022,32.5,32,32.5,30.5,48.46K,1.56%
7/27/2022,32,32,32,30.9,36.49K,0.00%
7/26/2022,32,31,32,30.5,1.12K,0.00%
7/25/2022,32,32.8,32.9,31,10.40K,-2.44%
7/22/2022,32.8,32.8,32.8,31.1,0.91K,2.50%
7/21/2022,32,33,33,31,9.38K,0.00%
7/20/2022,32,31.5,32,31,10.39K,3.23%
7/19/2022,31,30,31.5,30,24.78K,3.33%
7/18/2022,30,30,30,28.7,35.95K,1.69%
7/15/2022,29.5,31.4,31.4,29.5,16.28K,-3.91%
7/14/2022,30.7,30.9,30.9,30.7,0.52K,2.33%
7/12/2022,30,30.5,30.5,29.5,0.34K,1.01%
7/11/2022,29.7,29.8,29.8,29.5,18.66K,0.34%
7/8/2022,29.6,29.8,29.8,29.6,1.15K,0.34%
7/7/2022,29.5,29.6,29.6,29.3,5.56K,0.68%
7/6/2022,29.3,30,30,29.2,11.49K,-5.18%
7/5/2022,30.9,31,31,29.1,10.55K,4.39%
7/4/2022,29.6,30,31,29.6,4.57K,-1.33%
7/1/2022,30,31,31,30,21.59K,-1.32%
6/30/2022,30.4,29.6,31,29.6,31.18K,1.33%
6/29/2022,30,31,31,29.5,158.50K,0.00%
6/28/2022,30,31,31,28.7,15.89K,-0.66%
6/27/2022,30.2,31.5,31.5,30.1,3.74K,-0.66%
6/24/2022,30.4,31.5,31.5,29.9,30.17K,-3.49%
6/23/2022,31.5,32,32,30.6,2.88K,0.00%
6/22/2022,31.5,32,32,30.2,11.62K,-1.56%
6/21/2022,32,32,32,31,15.14K,0.00%
6/20/2022,32,33,33,31.8,37.37K,-3.90%
6/17/2022,33.3,33.4,33.4,31.6,9.47K,-0.60%
6/16/2022,33.5,33.7,33.7,32,9.58K,1.52%
6/15/2022,33,33.2,33.7,32,2.53K,3.13%
6/13/2022,32,33.6,33.6,32,16.32K,-1.84%
6/10/2022,32.6,33.9,35,31.8,42.49K,-0.91%
6/9/2022,32.9,33.4,33.4,32,3.38K,0.92%
6/8/2022,32.6,31.8,32.6,31.8,6.67K,2.84%
6/7/2022,31.7,32,33.5,31.6,14.81K,0.32%
6/6/2022,31.6,33.5,33.5,31.6,6.72K,-7.87%
6/3/2022,34.3,34.8,34.8,33.1,2.28K,1.18%
6/2/2022,33.9,33,33.9,32.9,1.97K,2.11%
6/1/2022,33.2,35,35,33.2,2.90K,-5.14%
5/31/2022,35,33.5,35,33,26.61K,4.48%
5/30/2022,33.5,33.3,33.5,33,5.41K,1.52%
5/27/2022,33,34.6,34.6,33,40.10K,-4.62%
5/26/2022,34.6,33,34.7,32,113.19K,4.85%
5/25/2022,33,35,35,33,67.42K,-0.30%
5/24/2022,33.1,37,37,33,34.46K,-10.30%
5/23/2022,36.9,36.9,38,34,85.38K,5.43%
5/20/2022,35,36.1,36.1,34,87.16K,-2.78%
5/19/2022,36,36.2,37,36,10.45K,-2.70%
5/18/2022,37,38,38,36.2,19.86K,-2.63%
5/17/2022,38,37.6,38,37,9.38K,1.06%
5/13/2022,37.6,37.9,37.9,37.4,14.95K,3.01%
5/12/2022,36.5,38.6,38.6,36,11.07K,-0.82%
5/9/2022,36.8,36.5,38.6,36.5,4.11K,-2.65%
5/6/2022,37.8,39,39,36.5,34.37K,0.80%
5/5/2022,37.5,39.5,40,37.5,89.79K,-1.83%
5/4/2022,38.2,39.7,40,38,2.77K,0.53%
4/29/2022,38,39.7,40,38,3.74K,-4.28%
4/28/2022,39.7,36.9,39.8,36,46.24K,7.59%
4/27/2022,36.9,33,36.9,32.5,30.61K,19.03%
4/26/2022,31,33,33,30.5,22.29K,-7.46%
4/25/2022,33.5,33.5,33.5,30,8.87K,-4.56%
4/8/2022,35.1,39,39,35,7.10K,0.29%
4/7/2022,35,37.3,39.9,35,6.33K,-6.17%
4/6/2022,37.3,39,39,37.3,5.07K,-3.62%
4/5/2022,38.7,38.6,39,36,54.31K,4.59%
4/4/2022,37,34,37,33,15.85K,8.82%
4/1/2022,34,34,34,34,0.22K,-2.86%
3/31/2022,35,36,36,33.5,19.21K,-7.89%
3/30/2022,38,38,39,35,198.94K,0.00%
3/29/2022,38,39.5,39.9,37.1,29.16K,-2.81%
3/28/2022,39.1,41.1,41.1,38.5,62.08K,-6.90%
3/25/2022,42,43,43.3,40.4,10.03K,0.96%
3/24/2022,41.6,43.9,43.9,41.5,13.47K,-3.93%
3/23/2022,43.3,41.5,43.3,41.5,8.11K,0.70%
3/22/2022,43,43.5,43.5,41.2,11.19K,-1.83%
3/21/2022,43.8,44,44,42.3,9.44K,1.86%
3/18/2022,43,42,44.4,41.8,19.59K,2.38%
3/16/2022,42,40,42,39.9,30.82K,5.00%
3/15/2022,40,42,42,40,16.18K,-4.76%
3/14/2022,42,43.9,43.9,40.6,3.02K,0.00%
3/11/2022,42,42.2,44.8,40,171.18K,-4.33%
3/10/2022,43.9,45,46.9,41.1,33.74K,6.55%
3/9/2022,41.2,47.2,47.2,41,37.49K,-8.44%
3/8/2022,45,44,47.5,42,67.47K,-5.06%
3/7/2022,47.4,45.9,47.5,43,30.45K,4.18%
3/4/2022,45.5,46,46,44,30.40K,-4.21%
3/3/2022,47.5,45.5,48.5,45.5,28.17K,3.04%
3/2/2022,46.1,48,48,45.5,31.29K,-3.76%
2/28/2022,47.9,44.9,48,43,55.64K,6.68%
2/25/2022,44.9,41.5,45,40,61.01K,10.86%
2/24/2022,40.5,45.5,47,39.5,84.75K,-15.45%
2/23/2022,47.9,49.1,49.1,44.6,52.14K,-3.23%
2/22/2022,49.5,45.1,51,45.1,27.19K,3.13%
2/21/2022,48,50.1,50.1,47,45.71K,-8.57%
2/18/2022,52.5,52.7,54,50,46.37K,0.77%
2/17/2022,52.1,54,54.1,52,88.43K,-3.52%
2/15/2022,54,56.2,56.9,53,23.37K,-3.57%
2/14/2022,56,54,58,54,117.31K,7.49%
2/11/2022,52.1,52,54,50.5,46.80K,0.00%
2/10/2022,52.1,52,53,50,55.60K,0.19%
2/9/2022,52,52.5,55,50,78.60K,-3.70%
2/8/2022,54,55.1,55.1,52.5,36.24K,-2.00%
2/7/2022,55.1,55,57.9,55,33.18K,-4.51%
2/3/2022,57.7,55,58,51,89.79K,4.72%
2/2/2022,55.1,59.5,60,55,335.40K,-8.17%
2/1/2022,60,62,62.5,59,353.28K,-1.64%
1/31/2022,61,55,63,55,1.03M,15.09%
1/28/2022,53,55,55,50.1,125.90K,-0.93%
1/27/2022,53.5,55,61.1,51,679.98K,0.94%
1/26/2022,53,52.4,54.9,49.2,123.42K,4.95%
1/25/2022,50.5,55,55,50.1,343.66K,-9.34%
1/24/2022,55.7,58,59.7,53.8,259.17K,-4.79%
1/21/2022,58.5,62.2,62.2,57.9,122.80K,-5.49%
1/20/2022,61.9,64.5,65.9,60,195.10K,-4.18%
1/19/2022,64.6,55.8,65,55.8,515.23K,4.19%
1/18/2022,62,70,70,60,758.84K,-7.46%
1/13/2022,67,68.5,68.5,60,3.01M,22.26%
1/12/2022,54.8,45.5,54.8,44.8,3.03M,24.55%
1/11/2022,44,45,45.5,43.7,174.62K,-0.23%
1/10/2022,44.1,41.5,45.5,41.5,121.69K,5.00%
1/7/2022,42,40.5,42,40.5,106.69K,3.45%
1/6/2022,40.6,39.9,40.6,39.5,463.57K,2.78%
1/5/2022,39.5,37.8,39.5,37.8,29.84K,1.28%
1/4/2022,39,38.9,39,38,20.53K,0.52%
1/3/2022,38.8,38.8,39,38.1,14.22K,-1.52%
12/31/2021,39.4,39.4,39.4,38.7,3.77K,-0.25%
12/30/2021,39.5,39.7,40.7,37.8,34.89K,4.50%
12/29/2021,37.8,38.3,41,37.7,62.54K,-1.56%
12/28/2021,38.4,37,38.4,37,17.76K,2.95%
12/27/2021,37.3,37.3,37.9,37,15.58K,-3.12%
12/24/2021,38.5,37,38.5,37,0.10K,1.05%
12/23/2021,38.1,38,38.7,38,5.33K,-2.31%
12/22/2021,39,36.1,39,36.1,14.77K,3.17%
12/21/2021,37.8,38.3,38.3,36.5,25.76K,-1.31%
12/20/2021,38.3,38.7,40,37.6,29.33K,0.79%
12/17/2021,38,38,38.5,38,15.62K,0.00%
12/16/2021,38,38.5,38.5,37.3,5.80K,0.00%
12/15/2021,38,38.9,38.9,37.1,8.75K,-1.30%
12/14/2021,38.5,38.5,38.6,37.1,21.41K,1.32%
12/13/2021,38,37.6,38,37.1,20.05K,0.53%
12/10/2021,37.8,38.6,38.8,37.8,16.26K,-1.82%
12/9/2021,38.5,37.9,38.9,37.2,17.21K,1.58%
12/8/2021,37.9,37,37.9,36.6,72.24K,2.43%
12/7/2021,37,39.9,39.9,36.5,12.00K,-7.50%
12/6/2021,40,36,40,36,40.12K,8.40%
12/3/2021,36.9,36,37,36,2.01K,2.50%
12/2/2021,36,36,37,35.7,21.14K,-1.37%
12/1/2021,36.5,36.3,37,36,6.52K,0.83%
11/30/2021,36.2,36.1,36.9,36.1,4.41K,0.00%
11/29/2021,36.2,38,38,36.2,40.07K,-1.90%
11/26/2021,36.9,36.2,37.2,36.2,5.16K,1.10%
11/25/2021,36.5,36.4,37,36,45.80K,0.27%
11/24/2021,36.4,35.5,37,35.5,31.18K,2.25%
11/23/2021,35.6,35.9,35.9,35,21.45K,-1.11%
11/22/2021,36,36.8,36.8,36,3.32K,-2.17%
11/19/2021,36.8,37.1,37.1,36,5.48K,-2.13%
11/17/2021,37.6,35.9,37.6,35,45.83K,2.17%
11/16/2021,36.8,35.5,37,35.5,51.99K,1.94%
11/15/2021,36.1,35.5,36.1,35.5,24.82K,-0.55%
11/12/2021,36.3,36.6,36.9,36.1,6.57K,-0.82%
11/11/2021,36.6,36,36.6,36,5.73K,-0.54%
11/10/2021,36.8,36.9,36.9,35.7,6.23K,2.22%
11/9/2021,36,35.8,36.1,35.8,7.18K,-0.28%
11/8/2021,36.1,36.6,36.6,35.8,8.34K,-1.10%
11/5/2021,36.5,36.6,36.6,36.5,12.98K,-1.35%
11/3/2021,37,37,37,36.2,1.84K,2.49%
11/2/2021,36.1,35.9,37,35.9,1.19K,0.28%
11/1/2021,36,37,37.5,35.6,2.29K,-2.70%
10/29/2021,37,36.9,37.4,36,6.17K,1.37%
10/28/2021,36.5,36,36.9,36,6.90K,1.39%
10/27/2021,36,36.1,36.5,35.9,25.53K,-0.55%
10/26/2021,36.2,37,37,36.1,2.21K,-0.55%
10/25/2021,36.4,37,37.4,35.5,4.11K,-0.27%
10/22/2021,36.5,36.5,37,35,12.38K,-2.67%
10/21/2021,37.5,36.6,37.5,36.5,14.05K,1.35%
10/18/2021,37,36.5,37,36.5,1.35K,0.27%
10/15/2021,36.9,37,37.5,36.9,12.22K,-0.27%
10/14/2021,37,36,37,36,15.06K,0.27%
10/13/2021,36.9,36,36.9,36,1.19K,0.54%
10/12/2021,36.7,35.3,37,35.3,12.79K,-0.54%
10/11/2021,36.9,36,36.9,35.1,17.96K,2.50%
10/8/2021,36,36.5,36.5,36,32.51K,-2.17%
10/7/2021,36.8,37.1,37.1,36.5,17.71K,0.00%
10/6/2021,36.8,36.8,37.1,36.7,39.95K,0.82%
10/5/2021,36.5,36.2,36.5,36.1,2.89K,0.83%
10/4/2021,36.2,37.4,37.4,36.2,16.11K,-1.36%
10/1/2021,36.7,36.6,37.5,36.6,8.69K,-0.81%
9/30/2021,37,37,37.5,36.5,0.63K,0.00%
9/29/2021,37,37,37.2,36.7,18.54K,0.54%
9/28/2021,36.8,37.1,37.9,36.8,28.02K,0.00%
9/27/2021,36.8,37.9,37.9,36.5,7.66K,-2.65%
9/24/2021,37.8,36.9,37.9,36.9,34.73K,5.00%
9/23/2021,36,36,36.8,35.8,10.98K,0.56%
9/22/2021,35.8,36.1,36.8,35.8,34.81K,-1.92%
9/21/2021,36.5,36.5,36.5,35.8,46.25K,0.55%
9/17/2021,36.3,37,37.1,35.6,28.67K,-1.63%
9/16/2021,36.9,37.3,37.3,36,6.65K,-0.27%
9/15/2021,37,36.7,37.8,36.2,373.80K,0.27%
9/14/2021,36.9,36.9,37,36,29.13K,-1.07%
9/13/2021,37.3,37.2,37.8,36.1,20.09K,-0.53%
9/10/2021,37.5,36,39.2,34.1,393.28K,4.17%
9/9/2021,36,35.8,36.1,35.5,32.91K,0.00%
9/8/2021,36,35.8,36,34,52.24K,0.00%
9/7/2021,36,35,36.3,34.4,242.32K,2.86%
9/6/2021,35,33.3,36,33,138.23K,8.36%
9/3/2021,32.3,32.5,33.3,32,42.09K,0.94%
9/2/2021,32,32.6,33,32,171.78K,-2.74%
9/1/2021,32.9,32.1,32.9,32.1,5.34K,-0.30%
8/31/2021,33,33.1,33.1,32,56.08K,-1.20%
8/30/2021,33.4,33.5,33.5,33.1,39.71K,-0.89%
8/27/2021,33.7,33.7,33.7,33.4,38.09K,0.30%
8/26/2021,33.6,33.7,33.7,33.2,13.96K,0.30%
8/25/2021,33.5,33.6,33.7,33.5,11.93K,0.00%
8/24/2021,33.5,33.8,33.8,33.5,24.98K,-1.76%
8/23/2021,34.1,34.1,34.2,34,8.25K,0.00%
8/20/2021,34.1,34.4,34.4,33.7,15.94K,-0.58%
8/19/2021,34.3,33.9,34.5,33.8,13.62K,1.78%
8/18/2021,33.7,33.4,33.9,33.4,0.93K,1.20%
8/17/2021,33.3,33.8,34.4,33.3,1.60K,-0.60%
8/16/2021,33.5,33.8,33.8,32.5,11.81K,-0.89%
8/13/2021,33.8,33.5,33.8,33.5,1.60K,0.60%
8/12/2021,33.6,33.5,34.2,33.5,2.85K,-2.04%
8/11/2021,34.3,34,34.3,33.6,11.21K,0.29%
8/10/2021,34.2,35,35,33.7,3.26K,1.18%
8/9/2021,33.8,34.9,34.9,33.6,0.63K,-0.29%
8/6/2021,33.9,33.5,35,33.5,20.79K,-0.29%
8/5/2021,34,33.9,34.5,33.7,15.82K,-1.16%
8/4/2021,34.4,34.5,34.5,33.8,2.11K,0.88%
8/3/2021,34.1,34,34.8,34,24.29K,1.79%
8/2/2021,33.5,34.5,34.5,33.4,2.49K,-1.47%
7/30/2021,34,34.2,34.5,34,1.13K,-1.45%
7/29/2021,34.5,33.4,34.5,33.4,20.85K,2.99%
7/28/2021,33.5,33.5,33.6,33.4,4.27K,0.00%
7/27/2021,33.5,34.3,34.3,33.5,3.28K,-1.76%
7/26/2021,34.1,34,34.4,33.5,2.10K,-0.87%
7/22/2021,34.4,34.2,34.5,33.9,14.93K,0.58%
7/20/2021,34.2,33.5,34.3,33.2,16.60K,2.40%
7/19/2021,33.4,33.7,33.8,33.4,25.32K,-0.60%
7/16/2021,33.6,33.6,34,33.5,14.77K,-0.59%
7/15/2021,33.8,34,34,33.5,1.37K,1.20%
7/14/2021,33.4,33.5,33.8,32.5,40.49K,-1.47%
7/13/2021,33.9,33.8,34,33.5,28.59K,0.30%
7/12/2021,33.8,33.8,33.9,33,12.29K,0.00%
7/9/2021,33.8,33.9,33.9,33.7,2.11K,0.60%
7/8/2021,33.6,33.6,33.6,33.5,0.61K,-0.88%
7/7/2021,33.9,33.2,33.9,33.2,0.06K,0.00%
7/6/2021,33.9,33.5,34,32.8,15.70K,0.00%
7/5/2021,33.9,34,34,33.4,1.37K,-0.29%
7/2/2021,34,34,34,33.8,1.81K,0.00%
7/1/2021,34,33.4,34,33.4,6.87K,1.80%
6/30/2021,33.4,33.6,33.6,32.2,4.15K,-1.76%
6/29/2021,34,34.4,34.4,33.6,14.90K,-1.45%
6/28/2021,34.5,33.9,34.5,33.8,2.17K,2.07%
6/25/2021,33.8,34,34,33.8,5.41K,-0.59%
6/23/2021,34,33.9,34,33.9,0.31K,1.49%
6/22/2021,33.5,34.4,34.4,33.5,2.23K,-1.47%
6/21/2021,34,34.4,34.5,33.4,7.00K,0.29%
6/18/2021,33.9,33.4,34.5,33.4,3.33K,1.80%
6/17/2021,33.3,33.4,34,33.3,1.72K,-0.60%
6/16/2021,33.5,33.9,33.9,33.4,26.46K,0.00%
6/15/2021,33.5,33.8,33.9,33.4,5.15K,-1.47%
6/14/2021,34,34,34,33.7,6.63K,0.00%
6/11/2021,34,34,34.4,33.5,6.60K,-1.16%
6/10/2021,34.4,34,34.5,33.9,3.65K,1.47%
6/9/2021,33.9,34,34.3,33.9,3.67K,-1.45%
6/8/2021,34.4,34,34.5,34,8.45K,-0.29%
6/7/2021,34.5,35.1,35.1,34.4,0.82K,1.17%
6/4/2021,34.1,34.2,35.4,34.1,27.77K,-0.58%
6/3/2021,34.3,34.5,34.5,33.8,2.54K,0.00%
6/2/2021,34.3,34.4,34.4,34,7.00K,0.00%
6/1/2021,34.3,34.2,34.5,33.9,16.78K,1.18%
5/31/2021,33.9,33.8,34.1,33.8,38.83K,0.30%
5/28/2021,33.8,33.6,33.9,33,7.10K,0.60%
5/25/2021,33.6,33.7,33.9,33.3,7.82K,1.82%
5/24/2021,33,33.8,33.8,33,3.25K,-2.37%
5/21/2021,33.8,33.8,33.9,33,56.11K,0.90%
5/20/2021,33.5,33.9,33.9,33.1,4.50K,-1.18%
5/19/2021,33.9,33.1,34.2,33.1,13.70K,1.80%
5/18/2021,33.3,33,33.9,33,7.14K,0.91%
5/17/2021,33,33,33,32,30.20K,1.54%
5/13/2021,32.5,32.5,32.5,32.4,3.65K,0.00%
5/12/2021,32.5,33,33,32.4,22.79K,-0.61%
5/11/2021,32.7,32.7,33,32.7,14.67K,0.62%
5/10/2021,32.5,33.2,33.2,32.5,16.33K,-1.22%
5/7/2021,32.9,32.9,33.5,32.9,3.73K,-1.79%
5/6/2021,33.5,32.7,33.8,32.7,7.54K,1.82%
5/5/2021,32.9,32.8,33.7,32.7,6.54K,-1.20%
5/4/2021,33.3,33.8,33.8,32.9,23.50K,-0.60%
5/3/2021,33.5,33.8,33.8,33.1,2.75K,0.90%
4/30/2021,33.2,33.2,33.8,33.1,4.96K,-1.78%
4/29/2021,33.8,33.2,34.8,33.2,15.12K,3.68%
4/28/2021,32.6,33,33.5,32.6,36.86K,-1.81%
4/27/2021,33.2,33.7,33.7,33,27.69K,-4.87%
4/23/2021,34.9,34.5,35,33.3,39.58K,-0.85%
4/22/2021,35.2,35.5,35.7,34.5,21.93K,0.57%
4/21/2021,35,34.6,35,33.2,19.70K,0.57%
4/20/2021,34.8,35.7,35.9,34.8,19.26K,-2.52%
4/19/2021,35.7,36,36,35.7,14.70K,-0.83%
4/16/2021,36,36,36,35.5,22.81K,0.00%
4/15/2021,36,36,36.5,35.7,9.80K,0.00%
4/12/2021,36,35.8,36,35.3,18.76K,0.84%
4/9/2021,35.7,35.2,35.7,35.2,4.27K,2.00%
4/8/2021,35,35.2,35.2,34.2,5.75K,1.45%
4/7/2021,34.5,35.2,35.8,34.1,16.72K,-1.99%
4/6/2021,35.2,33.8,35.2,33.8,14.71K,4.45%
4/5/2021,33.7,33.4,33.8,33.4,5.44K,1.20%
4/1/2021,33.3,33.2,33.3,32.7,13.80K,0.91%
3/31/2021,33,33.2,33.2,32.4,19.51K,0.00%
3/30/2021,33,33.1,33.2,32.5,9.00K,1.85%
3/29/2021,32.4,33.2,33.2,32.2,8.14K,-0.31%
3/26/2021,32.5,32.9,33,32.4,16.45K,0.93%
3/25/2021,32.2,32.6,32.8,32,21.51K,-0.62%
3/24/2021,32.4,32.3,32.5,32.1,16.90K,1.25%
3/23/2021,32,32.5,32.5,32,8.54K,-1.54%
3/22/2021,32.5,32,32.5,31.6,3.21K,1.56%
3/19/2021,32,33,33,31.5,22.51K,0.00%
3/18/2021,32,32.5,33.1,31.8,33.29K,-1.54%
3/17/2021,32.5,32.4,33,32,17.91K,0.00%
3/16/2021,32.5,33.9,33.9,32,24.23K,-4.41%
3/15/2021,34,34,34.5,32.1,46.92K,1.49%
3/12/2021,33.5,33.5,33.6,32.8,3.29K,2.45%
3/10/2021,32.7,33,33.8,32,3.09K,-0.91%
3/9/2021,33,34.7,34.7,33,26.17K,-0.90%
3/8/2021,33.3,33,35,33,30.74K,0.60%
3/5/2021,33.1,34,34,33,5.64K,-2.65%
3/4/2021,34,34.3,35,33.8,8.95K,-2.02%
3/3/2021,34.7,34.8,34.8,34.2,11.89K,-0.29%
3/2/2021,34.8,34.8,35.5,34.8,0.47K,-0.57%
3/1/2021,35,35.7,35.8,34.9,0.47K,0.57%
2/25/2021,34.8,34.6,34.8,34.5,1.94K,1.16%
2/24/2021,34.4,35.9,35.9,34.3,14.04K,-0.86%
2/23/2021,34.7,36,36,34.7,19.57K,-3.34%
2/22/2021,35.9,36.2,36.2,35,11.15K,-1.64%
2/19/2021,36.5,35.8,37.4,35.8,2.22K,1.39%
2/18/2021,36,36.8,36.8,35.5,37.29K,-2.70%
2/17/2021,37,37,37,35,19.75K,0.00%
2/16/2021,37,37.4,37.4,36.2,2.31K,-1.07%
2/15/2021,37.4,37.7,37.7,35.8,13.14K,-0.80%
2/12/2021,37.7,36,37.9,35.8,29.44K,4.72%
2/11/2021,36,37.5,38.3,34.8,22.61K,1.41%
2/10/2021,35.5,36.9,38.5,35.5,15.31K,-3.79%
2/9/2021,36.9,37.5,37.5,36.7,20.26K,-2.89%
2/8/2021,38,38.4,38.7,37,6.83K,-1.04%
2/5/2021,38.4,36.9,38.8,36.9,17.03K,3.78%
2/3/2021,37,36,37,35.8,51.78K,2.78%
2/2/2021,36,38.5,38.5,35.4,11.08K,-4.00%
2/1/2021,37.5,39,39.9,37.2,46.76K,-6.25%
1/29/2021,40,39.5,40,38.4,57.17K,0.00%
1/27/2021,40,39.6,40,39,29.93K,0.76%
1/26/2021,39.7,40,40,39.2,39.36K,-1.00%
1/25/2021,40.1,40.5,40.5,40,77.58K,0.50%
1/22/2021,39.9,41.3,41.8,39.8,52.25K,-3.39%
1/21/2021,41.3,39.5,41.5,39.5,84.74K,3.25%
1/20/2021,40,39.5,41,39,31.33K,1.27%
1/19/2021,39.5,41.4,42,39.3,109.46K,-4.59%
1/18/2021,41.4,42.7,42.9,38.4,70.18K,-3.04%
1/15/2021,42.7,38.5,42.9,38.5,261.75K,10.91%
1/13/2021,38.5,38.5,38.8,38.2,88.40K,1.32%
1/12/2021,38,38.2,38.5,38,78.56K,1.06%
1/11/2021,37.6,36.5,37.9,36,43.85K,3.01%
1/8/2021,36.5,36.9,37,36.1,97.20K,-1.08%
1/7/2021,36.9,35.1,37.5,35.1,128.58K,5.43%
1/6/2021,35,34,35,33.8,54.86K,3.24%
1/5/2021,33.9,33.9,34.3,33.8,69.85K,0.00%
1/4/2021,33.9,33.9,33.9,33.7,21.77K,0.59%
12/31/2020,33.7,33.9,33.9,33.5,18.77K,-0.59%
12/30/2020,33.9,33.9,34,33.6,10.55K,0.89%
12/28/2020,33.6,33.5,33.9,33.4,2.64K,0.00%
12/24/2020,33.6,33.1,33.6,33,18.77K,1.51%
12/23/2020,33.1,33.8,33.8,33.1,24.12K,-0.60%
12/22/2020,33.3,33.4,33.6,33,20.37K,-1.19%
12/21/2020,33.7,33.9,33.9,33,32.05K,-0.59%
12/18/2020,33.9,33.9,34,33.6,40.49K,0.30%
12/17/2020,33.8,33.9,33.9,33.8,3.94K,-0.59%
12/16/2020,34,34,34.3,33.8,6.76K,0.89%
12/15/2020,33.7,34,34,33.6,28.39K,-0.88%
12/14/2020,34,34.3,34.3,33.9,12.81K,-0.58%
12/11/2020,34.2,34.4,34.4,33.9,15.58K,-0.29%
12/10/2020,34.3,34,34.8,34,37.35K,0.88%
12/9/2020,34,33.6,34,33.3,56.42K,0.89%
12/8/2020,33.7,33.6,33.7,33,37.92K,0.00%
12/7/2020,33.7,32.9,33.8,32.7,33.26K,3.06%
12/4/2020,32.7,32.6,32.9,32.5,19.58K,0.31%
12/3/2020,32.6,32.8,32.8,32.5,15.66K,-0.61%
12/2/2020,32.8,32.5,32.8,32.5,21.34K,0.61%
12/1/2020,32.6,32.7,32.7,32.5,27.56K,0.31%
11/30/2020,32.5,32.7,32.7,32.2,37.35K,-0.31%
11/27/2020,32.6,32.5,32.8,32.4,8.91K,0.62%
11/26/2020,32.4,32.9,32.9,32.2,4.32K,-0.31%
11/25/2020,32.5,32.5,32.7,32.4,40.41K,0.00%
11/24/2020,32.5,32.8,32.9,32.4,7.63K,0.31%
11/23/2020,32.4,32.6,32.6,32.4,19.81K,-0.31%
11/20/2020,32.5,33.4,33.4,32.5,12.89K,-1.81%
11/19/2020,33.1,33.4,33.4,33,9.89K,-0.60%
11/18/2020,33.3,34,34,32.5,43.28K,-0.89%
11/17/2020,33.6,33,33.6,32.1,24.05K,2.13%
11/16/2020,32.9,33.3,33.3,32.1,8.32K,-0.60%
11/13/2020,33.1,33.1,33.5,33,10.02K,-0.60%
11/12/2020,33.3,33.4,33.4,32.9,18.49K,0.91%
11/11/2020,33,33.2,33.5,32,35.98K,-0.30%
11/10/2020,33.1,33.5,33.5,33,39.32K,-0.90%
11/9/2020,33.4,33.1,33.4,32.6,51.63K,1.21%
11/6/2020,33,33.5,33.9,33,86.03K,-1.49%
11/5/2020,33.5,34,34.1,33.2,103.10K,1.21%
11/4/2020,33.1,33,34.1,33,178.90K,2.48%
11/3/2020,32.3,32,32.8,31.6,254.50K,4.53%
11/2/2020,30.9,31.1,31.3,30.9,20.55K,0.00%
10/29/2020,30.9,31,31,29.5,59.28K,0.32%
10/28/2020,30.8,31.8,31.8,29.7,19.88K,-2.22%
10/27/2020,31.5,31.1,31.8,30.5,8.75K,1.61%
10/26/2020,31,30,31,29.6,21.13K,0.00%
10/23/2020,31,31.7,31.7,30.1,21.03K,-1.59%
10/22/2020,31.5,30.8,31.7,30,10.30K,1.94%
10/21/2020,30.9,31.6,31.6,29,31.33K,-0.32%
10/20/2020,31,32,32,31,58.33K,-1.90%
10/19/2020,31.6,31.7,32.5,31.1,102.34K,1.61%
10/16/2020,31.1,31.1,31.3,30.7,38.84K,0.32%
10/15/2020,31,30.8,31.6,30.8,13.93K,0.65%
10/14/2020,30.8,30.7,30.8,30,36.84K,0.65%
10/13/2020,30.6,30,31.4,30,15.05K,-2.86%
10/12/2020,31.5,31.5,31.8,31,41.01K,0.64%
10/9/2020,31.3,31,31.7,30.9,35.78K,0.97%
10/8/2020,31,31,31.1,30.7,71.51K,0.00%
10/7/2020,31,30,31.4,29.8,24.11K,2.99%
10/6/2020,30.1,30,33.2,29.8,29.23K,0.33%
10/5/2020,30,32,32,29.3,108.41K,-8.54%
10/2/2020,32.8,32.9,33.2,32.6,204.75K,-0.61%
9/30/2020,33,33,33.5,32.3,225.72K,3.77%
9/29/2020,31.8,32.8,33.5,31.8,310.21K,-1.55%
9/28/2020,32.3,31,32.7,31,426.59K,5.56%
9/25/2020,30.6,31,31,30.5,27.03K,-1.92%
9/24/2020,31.2,30.5,31.2,30.3,96.15K,2.97%
9/23/2020,30.3,31,31,30.3,34.65K,-1.94%
9/22/2020,30.9,31,31.2,30.5,52.48K,0.32%
9/21/2020,30.8,31.3,31.3,30.8,41.22K,-0.65%
9/18/2020,31,31,31,30.8,200.76K,0.32%
9/17/2020,30.9,30.9,31.6,30.4,34.83K,0.32%
9/16/2020,30.8,30.5,30.8,30.1,63.47K,0.98%
9/15/2020,30.5,30.3,30.5,30.3,17.93K,0.99%
9/14/2020,30.2,30.4,30.4,29.9,5.87K,-0.33%
9/11/2020,30.3,30.5,30.5,30.3,7.25K,-0.33%
9/10/2020,30.4,30.9,30.9,30,40.12K,-0.33%
9/9/2020,30.5,30,31,30,143.96K,3.04%
9/8/2020,29.6,30.8,30.8,29.6,1.40K,-1.99%
9/7/2020,30.2,30.3,31,30.2,18.78K,0.67%
9/4/2020,30,30,30,29.5,5.07K,0.00%
9/3/2020,30,30.3,30.4,30,5.30K,-0.33%
9/2/2020,30.1,30.4,30.4,30,2.51K,0.33%
8/31/2020,30,30,30.4,29.9,3.30K,0.00%
8/28/2020,30,30,30,29.6,70.02K,0.33%
8/27/2020,29.9,29.9,30,29.5,50.55K,-0.33%
8/26/2020,30,30,30,29.5,5.04K,0.00%
8/25/2020,30,30,30,29.9,122.52K,0.00%
8/24/2020,30,29.5,30,29.5,104.83K,1.69%
8/21/2020,29.5,30.2,30.2,29.5,49.71K,-2.32%
8/20/2020,30.2,30,30.5,30,14.24K,0.67%
8/19/2020,30,30,31,30,115.19K,0.00%
8/18/2020,30,30,30,29.7,64.36K,0.67%
8/17/2020,29.8,30.2,30.2,29.8,24.87K,-0.33%
8/14/2020,29.9,29.8,29.9,29.8,8.88K,-0.33%
8/13/2020,30,30.1,30.1,29.5,194.47K,1.69%
8/12/2020,29.5,29.1,30.4,29.1,142.51K,2.79%
8/11/2020,28.7,28.7,28.7,28.7,1.50K,-0.35%
8/10/2020,28.8,28.7,28.8,28.6,2.53K,0.70%
8/7/2020,28.6,29,29,28.6,1.15K,-1.04%
8/6/2020,28.9,28.9,28.9,28.5,3.84K,0.35%
8/5/2020,28.8,28.8,28.8,28.5,0.42K,-0.35%
8/4/2020,28.9,29,29,28.7,4.67K,-0.34%
7/31/2020,29,29,29,28.9,1.25K,1.75%
7/30/2020,28.5,29.1,29.1,28.5,76.97K,-1.72%
7/29/2020,29,28.5,29.5,28,95.62K,2.84%
7/28/2020,28.2,28.5,28.5,28,2.50K,-1.05%
7/27/2020,28.5,28.4,28.5,28,3.97K,0.00%
7/24/2020,28.5,28.5,28.5,28,3.31K,1.42%
7/23/2020,28.1,28.5,28.5,28.1,2.72K,-0.35%
7/22/2020,28.2,28.4,28.4,28.2,0.56K,-0.70%
7/21/2020,28.4,28.6,28.6,28.2,1.00K,-0.35%
7/20/2020,28.5,28.7,28.7,28,10.74K,0.35%
7/17/2020,28.4,28,28.5,27.7,11.75K,1.79%
7/16/2020,27.9,28.3,28.8,27.8,8.59K,-3.46%
7/15/2020,28.9,29,29,28.1,10.31K,0.70%
7/14/2020,28.7,27,28.9,27,16.19K,2.87%
7/13/2020,27.9,27.5,29.2,27,3.51K,-0.36%
7/10/2020,28,28.8,29.3,28,10.15K,-3.45%
7/9/2020,29,29,29,29,5.45K,0.00%
7/8/2020,29,29.2,29.2,28.5,0.89K,0.69%
7/7/2020,28.8,29,29,28.8,8.49K,0.00%
7/6/2020,28.8,29,29,28.5,4.56K,0.35%
7/3/2020,28.7,28.8,29.3,28.4,8.48K,-1.03%
7/2/2020,29,29.1,29.1,28.7,5.83K,-0.34%
7/1/2020,29.1,29,29.3,28.9,5.80K,0.69%
6/30/2020,28.9,29.5,29.5,28.4,2.77K,1.05%
6/29/2020,28.6,28.9,29.4,28.6,12.38K,-1.04%
6/26/2020,28.9,28.7,29.5,28,19.05K,0.35%
6/25/2020,28.8,29.3,30,28.7,4.29K,-0.69%
6/24/2020,29,28.4,29.1,28,39.95K,6.23%
6/23/2020,27.3,28,28.4,27.3,14.62K,-2.15%
6/22/2020,27.9,27.9,28,27.9,4.14K,1.45%
6/19/2020,27.5,26.9,27.5,26.9,1.76K,0.00%
6/18/2020,27.5,27,28.2,27,2.15K,0.73%
6/17/2020,27.3,27.3,27.6,26.9,8.56K,1.11%
6/16/2020,27,27.4,27.5,27,3.53K,0.37%
6/15/2020,26.9,27.5,27.7,26.9,1.50K,-1.47%
6/12/2020,27.3,27,27.5,26.6,2.11K,1.11%
6/11/2020,27,27.3,27.3,27,5.50K,-1.46%
6/10/2020,27.4,27,27.6,26.5,2.16K,0.74%
6/9/2020,27.2,27.7,27.7,27.2,1.30K,-1.81%
6/8/2020,27.7,27.2,27.8,26.2,4.66K,6.13%
6/4/2020,26.1,25.6,27.9,25.6,20.94K,0.38%
6/3/2020,26,26,26,25.5,6.02K,0.39%
6/2/2020,25.9,26,26.5,25.9,13.09K,-1.15%
6/1/2020,26.2,27,27,26,10.73K,-2.96%
5/29/2020,27,27.5,27.5,26,43.15K,-0.74%
5/28/2020,27.2,27.2,28.5,27.1,13.55K,0.37%
5/27/2020,27.1,27.1,27.1,27.1,2.00K,0.00%
5/26/2020,27.1,27.8,27.8,27.1,11.46K,-2.17%
5/22/2020,27.7,28,28.7,27.6,11.27K,0.73%
5/21/2020,27.5,27.8,28,27.5,4.28K,0.00%
5/20/2020,27.5,28.8,28.8,26.3,1.84K,-1.79%
5/19/2020,28,28.5,29,28,4.65K,-1.75%
5/18/2020,28.5,26,29,26,11.66K,11.33%
5/15/2020,25.6,25.1,25.7,25.1,2.90K,3.23%
5/14/2020,24.8,24.4,26.5,24.4,9.12K,1.64%
5/13/2020,24.4,23.8,24.5,23.5,9.68K,2.52%
5/12/2020,23.8,19,23.8,18,33.56K,8.18%
5/11/2020,22,22,22,22,2.89K,0.00%
3/20/2020,22,22,22,21.9,10.19K,-7.95%
3/13/2020,23.9,23.5,23.9,22.1,11.83K,0.84%
3/12/2020,23.7,23,27,23,20.63K,-12.22%
3/11/2020,27,24.5,27,24.5,3.71K,10.20%
3/10/2020,24.5,25,25,23.6,4.97K,-9.26%
3/6/2020,27,29.3,29.3,26.5,4.79K,-7.85%
3/5/2020,29.3,29.5,29.5,29.3,0.32K,0.69%
3/4/2020,29.1,29.6,29.6,29.1,0.26K,-1.69%
3/3/2020,29.6,29.9,29.9,29.6,0.55K,-1.33%
3/2/2020,30,29,30,28.5,0.10K,0.00%
2/28/2020,30,30,30,28.3,1.98K,0.00%
2/27/2020,30,31.4,31.4,28.5,3.24K,3.45%
2/26/2020,29,29.6,30.1,29,1.23K,-1.69%
2/25/2020,29.5,29.9,29.9,29.5,2.56K,-1.01%
2/24/2020,29.8,30.1,30.1,29.8,0.01K,-1.00%
2/20/2020,30.1,29.8,30.1,29.5,2.31K,-1.63%
2/19/2020,30.6,30.8,30.8,30.6,0.28K,2.68%
2/18/2020,29.8,29.8,30,29.8,0.23K,0.34%
2/17/2020,29.7,29.8,29.9,29.7,2.85K,0.00%
2/14/2020,29.7,29.7,30.8,29.7,2.08K,-3.26%
2/13/2020,30.7,29.8,30.7,29.7,7.04K,1.66%
2/12/2020,30.2,29.5,30.7,29.5,0.13K,0.67%
2/11/2020,30,30.8,30.8,29.8,0.58K,0.67%
2/10/2020,29.8,29.8,29.8,29.7,1.07K,-0.67%
2/7/2020,30,30,30,29.8,1.00K,0.00%
2/6/2020,30,30,30,29.1,0.88K,0.33%
2/5/2020,29.9,30,30.9,29.9,0.91K,-0.33%
2/3/2020,30,30.8,30.8,30,0.74K,-3.23%
1/31/2020,31,30,31,30,8.37K,3.33%
1/30/2020,30,30,30,30,1.19K,0.33%
1/29/2020,29.9,30,30,29.9,0.15K,-0.99%
1/28/2020,30.2,29.6,30.2,29.6,2.62K,-1.31%
1/27/2020,30.6,31,31,30.6,0.92K,-0.65%
1/24/2020,30.8,31,31.4,30.8,0.96K,-0.65%
1/23/2020,31,30,31,29.5,9.17K,1.97%
1/22/2020,30.4,30.5,30.7,29.5,1.27K,1.67%
1/21/2020,29.9,29.6,30,29.5,5.70K,-2.92%
1/20/2020,30.8,30.9,30.9,29.6,0.76K,1.32%
1/17/2020,30.4,30.7,30.7,30.4,0.11K,-1.30%
1/16/2020,30.8,30.2,30.8,29.9,0.74K,-0.65%
1/14/2020,31,31,31,30.8,1.29K,0.00%
1/13/2020,31,31.4,31.4,31,0.12K,-0.64%
1/9/2020,31.2,30.8,31.2,30,3.37K,7.59%
1/8/2020,29,30.1,31,29,5.65K,-4.92%
1/7/2020,30.5,31,31,30.5,2.85K,-1.61%
1/6/2020,31,31.2,31.2,30.5,3.78K,0.00%
1/3/2020,31,31,31.8,30.6,4.84K,-1.59%
1/2/2020,31.5,31,31.5,31,3.44K,-1.56%
12/31/2019,32,31,32,31,2.08K,0.63%
12/30/2019,31.8,30.5,31.8,30.5,5.07K,1.92%
12/27/2019,31.2,30.6,31.2,30.4,2.85K,0.00%
12/26/2019,31.2,30.7,31.2,30.3,11.23K,1.63%
12/24/2019,30.7,29.8,30.7,29.8,8.36K,0.00%
12/23/2019,30.7,30.7,30.7,30.7,0.04K,-0.65%
12/20/2019,30.9,31.1,31.1,30.9,0.52K,1.31%
12/19/2019,30.5,31,31.5,29.9,15.41K,-1.61%
12/18/2019,31,30.4,31.1,30,13.84K,1.64%
12/17/2019,30.5,30.4,30.6,30.4,4.15K,0.00%
12/16/2019,30.5,30.7,31.8,30.5,7.34K,-5.28%
12/13/2019,32.2,31,32.2,31,1.00K,0.00%
12/12/2019,32.2,32.2,32.2,32.2,0.00K,-0.31%
12/10/2019,32.3,32,32.4,30.9,3.06K,0.94%
12/9/2019,32,32.2,32.5,32,3.16K,-0.62%
12/6/2019,32.2,32.5,32.5,32.2,2.89K,-0.92%
12/5/2019,32.5,32.5,32.5,32.2,0.20K,1.56%
12/4/2019,32,32.9,33.3,32,1.87K,0.00%
12/3/2019,32,33.5,33.5,32,10.94K,-4.19%
12/2/2019,33.4,33.5,33.5,33,0.98K,1.21%
11/29/2019,33,32.5,34,32.5,9.21K,-0.30%
11/28/2019,33.1,32.8,33.8,32,69.89K,3.44%
11/27/2019,32,32,32.3,31.7,2.49K,-0.93%
11/26/2019,32.3,33.1,33.1,31.7,2.67K,1.89%
11/25/2019,31.7,33.3,33.4,30.8,6.86K,-2.46%
11/22/2019,32.5,33.5,33.5,30.2,8.00K,-2.99%
11/21/2019,33.5,33.4,33.5,32.9,28.61K,3.40%
11/20/2019,32.4,33,33.7,32.1,68.65K,-1.82%
11/19/2019,33,34,34.1,32.9,63.71K,-2.65%
11/18/2019,33.9,33.2,34.5,33,25.01K,3.04%
11/15/2019,32.9,32.1,33.4,31.7,10.58K,2.81%
11/14/2019,32,31.6,32,31.6,1.10K,-0.31%
11/13/2019,32.1,32,32.1,31.7,3.51K,0.31%
11/8/2019,32,32.2,32.2,32,22.79K,0.00%
11/7/2019,32,31.9,32,31.5,6.22K,0.63%
11/6/2019,31.8,32.5,32.5,31.5,19.90K,-2.15%
11/5/2019,32.5,32.8,33,32.1,12.95K,0.31%
11/4/2019,32.4,33,33,32,4.94K,-1.52%
11/1/2019,32.9,32.4,33.2,32,36.60K,1.54%
10/31/2019,32.4,31.8,32.5,31.1,28.29K,2.86%
10/30/2019,31.5,30.5,31.6,30.5,40.96K,1.61%
10/29/2019,31,31.4,31.4,30.5,1.09K,1.64%
10/28/2019,30.5,30.5,31.5,30.5,0.82K,-2.24%
10/25/2019,31.2,30.7,31.5,30.1,47.60K,2.30%
10/24/2019,30.5,30,30.7,30,31.48K,3.04%
10/23/2019,29.6,30.9,30.9,29.6,9.74K,-1.33%
10/22/2019,30,30.2,30.8,30,3.12K,0.67%
10/21/2019,29.8,30.9,30.9,29.6,3.11K,-2.61%
10/18/2019,30.6,30,30.9,29.9,8.09K,0.99%
10/17/2019,30.3,29.9,30.5,29,5.06K,4.48%
10/16/2019,29,29,29.5,28.9,12.09K,-3.01%
10/15/2019,29.9,29.3,29.9,28.7,22.77K,1.70%
10/14/2019,29.4,29.9,29.9,29.3,12.61K,-1.34%
10/11/2019,29.8,29.5,29.8,29.4,7.53K,0.00%
10/10/2019,29.8,29.7,30.4,29.3,1.89K,1.02%
10/9/2019,29.5,29,29.5,28.5,22.54K,1.37%
10/8/2019,29.1,29.5,29.5,29.1,3.30K,-1.02%
10/7/2019,29.4,29,29.5,29,2.05K,1.38%
10/4/2019,29,29,29,28.2,0.56K,-1.69%
10/3/2019,29.5,28.9,29.5,28.1,3.94K,2.08%
10/2/2019,28.9,28.9,28.9,28.9,0.01K,-3.67%
10/1/2019,30,30,30,30,0.05K,3.45%
9/30/2019,29,29.3,30,29,4.83K,-1.69%
9/27/2019,29.5,29.2,29.5,29.1,3.88K,0.00%
9/26/2019,29.5,29.5,29.5,29.4,2.25K,0.00%
9/25/2019,29.5,29.5,29.5,29.3,2.06K,-1.01%
9/24/2019,29.8,30.3,30.3,29.3,4.55K,-0.67%
9/23/2019,30,29.2,30,29.2,5.87K,0.00%
9/20/2019,30,29.4,30,29.3,5.18K,0.00%
9/19/2019,30,29.9,30,29.5,5.40K,0.33%
9/18/2019,29.9,29.3,30.5,29.3,11.19K,1.36%
9/17/2019,29.5,30,30.5,29.5,16.88K,0.00%
9/16/2019,29.5,30,30.2,29.5,2.39K,-1.67%
9/12/2019,30,29.6,30.1,29.5,7.11K,-0.99%
9/11/2019,30.3,29.2,30.3,29,2.22K,1.00%
9/10/2019,30,30.6,30.6,29.1,29.48K,0.33%
9/9/2019,29.9,31.9,31.9,29.1,36.65K,-5.08%
9/6/2019,31.5,31.1,32.4,30,45.50K,-1.25%
9/5/2019,31.9,28.8,34.4,28.8,320.78K,13.93%
9/4/2019,28,28,29,27.3,10.08K,0.00%
9/3/2019,28,29.1,29.2,28,1.56K,-0.36%
9/2/2019,28.1,29.2,29.2,28.1,0.13K,-3.77%
8/30/2019,29.2,29,29.4,28.5,2.77K,1.74%
8/29/2019,28.7,29,29.4,28.7,4.69K,0.00%
8/28/2019,28.7,29.6,29.6,28.7,1.84K,-3.04%
8/27/2019,29.6,28.6,29.6,28.6,5.00K,2.42%
8/26/2019,28.9,29,29.5,28.9,1.22K,-0.34%
8/23/2019,29,28.7,29,28.5,0.29K,1.05%
8/22/2019,28.7,28.7,29.3,28.6,7.12K,0.00%
8/21/2019,28.7,28.9,29.9,28.7,0.68K,-4.33%
8/20/2019,30,29.7,30,29.5,2.60K,4.53%
8/19/2019,28.7,29.7,30,28.6,2.92K,-3.37%
8/16/2019,29.7,29.9,30,29.7,4.37K,0.34%
8/15/2019,29.6,29.3,29.9,29.3,6.35K,1.72%
8/13/2019,29.1,31.5,31.5,29,25.27K,-6.43%
8/9/2019,31.1,29,31.5,29,36.46K,9.12%
8/8/2019,28.5,29.2,29.2,28.5,1.59K,-2.40%
8/7/2019,29.2,28.1,29.8,28.1,9.48K,3.91%
8/6/2019,28.1,27.5,28.1,27.4,9.79K,1.08%
8/5/2019,27.8,27.5,29,27.5,0.13K,-3.47%
8/2/2019,28.8,29,29,27.4,26.10K,-0.69%
8/1/2019,29,29,29.9,28.5,16.97K,0.00%
7/31/2019,29,30,30,28.4,9.97K,-2.68%
7/30/2019,29.8,31.3,31.8,28,41.13K,-6.29%
7/29/2019,31.8,28.4,31.9,28.4,103.79K,11.97%
7/26/2019,28.4,24.5,28.9,24.5,119.51K,15.92%
7/25/2019,24.5,24.9,24.9,24.2,2.87K,-1.21%
7/24/2019,24.8,23.5,24.8,23.5,63.98K,3.77%
7/23/2019,23.9,23.4,23.9,23,30.08K,1.70%
7/22/2019,23.5,23.9,23.9,23.4,8.44K,-0.84%
7/19/2019,23.7,23.6,23.8,23.5,6.06K,-0.42%
7/18/2019,23.8,23.5,23.9,23.4,11.85K,-0.42%
7/17/2019,23.9,23.5,24,23.4,5.98K,1.70%
7/15/2019,23.5,23,23.5,23,3.98K,-0.42%
7/12/2019,23.6,23.4,23.7,23,5.53K,0.43%
7/11/2019,23.5,23.2,23.7,22.4,6.21K,6.82%
7/10/2019,22,22.5,23.7,22,89.70K,-4.76%
7/9/2019,23.1,23.8,23.8,23.1,4.40K,-1.70%
7/8/2019,23.5,23.6,24,23,8.83K,-1.26%
7/5/2019,23.8,23,24,23,8.80K,1.28%
7/4/2019,23.5,23,23.5,22.8,22.10K,2.17%
7/3/2019,23,22.9,23.9,22.6,30.28K,0.44%
7/2/2019,22.9,22.6,22.9,22.3,5.70K,-0.43%
7/1/2019,23,23,23,23,0.69K,0.00%
6/28/2019,23,23,23.7,22.5,12.68K,0.00%
6/27/2019,23,22.1,23,22,2.80K,2.22%
6/26/2019,22.5,22.6,22.6,22.5,0.09K,-2.17%
6/25/2019,23,23,23,22.5,3.37K,0.00%
6/24/2019,23,23,23,23,3.15K,0.00%
6/21/2019,23,23,23,23,0.64K,0.00%
6/20/2019,23,23,23,23,0.30K,0.00%
6/19/2019,23,23,23,23,1.80K,0.44%
6/18/2019,22.9,23,23,22.9,0.75K,-0.43%
6/17/2019,23,23.1,23.2,23,8.75K,-4.17%
6/14/2019,24,23.9,24,23.9,1.00K,0.42%
6/13/2019,23.9,23.9,24,23.2,6.50K,0.42%
6/12/2019,23.8,23.5,23.9,22.7,3.77K,-0.42%
6/11/2019,23.9,23.4,24,23,1.41K,3.46%
6/10/2019,23.1,23.4,23.4,23.1,0.04K,-0.86%
6/7/2019,23.3,23.4,23.4,23.2,0.42K,-0.43%
6/6/2019,23.4,22,23.4,22,0.95K,2.18%
6/4/2019,22.9,23.2,23.2,22.2,3.50K,-0.43%
6/3/2019,23,23,23,23,0.50K,-3.36%
5/31/2019,23.8,23.8,24,23,3.02K,-0.83%
5/30/2019,24,23.7,24,23.7,11.26K,1.27%
5/29/2019,23.7,23,23.7,23,5.21K,6.76%
5/28/2019,22.2,22.6,23,22,2.74K,-3.48%
5/27/2019,23,23.6,23.6,22.5,3.85K,0.00%
5/24/2019,23,22.9,23.8,22.9,2.35K,0.00%
5/23/2019,23,23,23.8,22.8,4.55K,0.00%
5/22/2019,23,24,24,23,1.21K,-2.13%
5/21/2019,23.5,23.9,24,23,6.90K,0.00%
5/17/2019,23.5,22.1,23.8,21.5,40.03K,8.29%
5/16/2019,21.7,20,21.7,19.6,70.44K,8.50%
5/15/2019,20,20,20,19.8,6.56K,0.00%
5/14/2019,20,21,21,19.8,26.97K,-4.31%
5/13/2019,20.9,21.8,22,20.8,2.66K,0.48%
5/10/2019,20.8,21.1,21.6,20.2,2.99K,-6.73%
5/8/2019,22.3,22.3,22.3,22.3,0.20K,0.00%
5/7/2019,22.3,22,22.5,21.7,2.38K,1.36%
5/6/2019,22,22,22.7,22,5.23K,-3.08%
5/3/2019,22.7,22.1,22.8,22,2.30K,-0.44%
5/2/2019,22.8,22.8,22.8,22.8,0.19K,-0.44%
4/30/2019,22.9,22.9,22.9,22.9,0.23K,4.09%
4/29/2019,22,22.9,23,22,2.22K,-3.08%
4/26/2019,22.7,22.7,22.7,22.7,0.10K,0.00%
4/25/2019,22.7,23,23,21.8,1.14K,0.89%
4/24/2019,22.5,21.6,22.5,21.5,6.18K,-0.88%
4/23/2019,22.7,22,22.7,22,0.50K,-1.73%
4/18/2019,23.1,23.3,23.4,23,0.20K,0.00%
4/17/2019,23.1,23.1,23.2,23.1,1.26K,-1.70%
4/16/2019,23.5,23.1,23.5,23,6.28K,4.44%
4/12/2019,22.5,22.5,22.5,22.5,0.01K,-2.17%
4/10/2019,23,23,23.1,22.4,0.60K,-0.86%
4/9/2019,23.2,23.3,23.3,22.2,0.61K,0.00%
4/8/2019,23.2,23.2,23.2,23.2,0.06K,-0.85%
4/5/2019,23.4,23.5,23.5,23,1.96K,-0.43%
4/4/2019,23.5,22.4,23.5,22.4,8.03K,4.91%
4/3/2019,22.4,21.8,22.5,21.8,3.22K,4.19%
4/2/2019,21.5,21.6,22,21.5,10.46K,-2.27%
4/1/2019,22,21.2,22.3,21.2,6.25K,2.33%
3/29/2019,21.5,21.5,22.5,21.2,1.73K,-4.44%
3/28/2019,22.5,22,23,21.7,26.38K,4.17%
3/27/2019,21.6,21.5,22,21.4,14.60K,-1.82%
3/26/2019,22,22,22.9,21.5,17.96K,0.00%
3/25/2019,22,23.7,23.7,22,1.35K,-3.51%
3/22/2019,22.8,23.4,23.4,22,30.97K,-2.56%
3/21/2019,23.4,23.6,23.7,23.4,7.77K,0.86%
3/19/2019,23.2,23.2,23.8,23.2,4.56K,0.00%
3/18/2019,23.2,22.6,23.2,22.1,2.07K,4.04%
3/15/2019,22.3,22.5,22.5,22,2.20K,0.00%
3/14/2019,22.3,22.4,22.4,22.1,0.41K,1.36%
3/13/2019,22,21.5,22.7,20.7,30.08K,4.76%
3/12/2019,21,21,21,20.6,1.91K,2.44%
3/11/2019,20.5,22.3,22.3,20.5,19.08K,-6.82%
3/8/2019,22,22.5,22.5,22,0.41K,-3.51%
3/7/2019,22.8,22.8,22.8,22.8,0.00K,-1.30%
3/6/2019,23.1,22,23.2,22,5.29K,5.00%
3/5/2019,22,22,22,21.6,13.00K,0.00%
3/1/2019,22,22,22,21.6,5.80K,-5.98%
2/28/2019,23.4,22.5,23.4,22.5,1.85K,4.00%
2/27/2019,22.5,22,22.5,21.5,3.09K,2.27%
2/26/2019,22,21.4,22,21.4,1.01K,0.46%
2/25/2019,21.9,22,22,21.5,2.49K,4.29%
